<?xml version="1.0" encoding="UTF-8" standalone="no"?><metadata><meta><project coordinator="" name="Manual_upload" project_phio=".project"/><deliverable buildname="1" label="Developer Documentation: Web Services" language="en-US" lastmodified="2018-01-11 04:30:02 GMT+0000" loio="loiobe3474dfedb44014af7e44863a05c690" owner="C5250898" product="SAP_BUSINESSOBJECTS_BUSINESS_INTELLIGENCE_PLATFORM" rootfile="sbo41sp3_webi_restws_dg_en.zip" shortdesc="SAP BusinessObjects RESTful Web Service SDK User Guide for Web Intelligence and the BI Semantic Layer, 4.1 SP 3" transtype="zip" version="4.1"><outputmetas><outputmeta id="metabe3474dfedb44014af7e44863a05c690" value="product, version for UACP"><param name="product" value="SAP_BUSINESSOBJECTS_BUSINESS_INTELLIGENCE_PLATFORM"/><param name="product_name" value="SAP BusinessObjects Business Intelligence Platform"/><param name="product_sapid" value="01200314690800000337"/><param name="version" value="4.1"/><param name="version_name" value="4.1"/><param name="version_sapid" value="67837800100900006540"/></outputmeta></outputmetas></deliverable></meta><mapref dita="buildable-map" label="Developer Documentation: Web Services" loio="loio74a1fc7e70c84f519ad8b8527f0d2e32"><sap-map-meta><shortdesc>SAP BusinessObjects RESTful Web Service SDK User Guide for Web Intelligence and the BI Semantic Layer, 4.1 SP 3</shortdesc><othermeta content="Development" name="content category"/><othermeta content="0" name="content order weight"/></sap-map-meta></mapref><build><output><rootpage>sbo41sp3_webi_restws_dg_en.zip</rootpage></output></build></metadata>